S01001,TM0723,65
S01002,TM0723,45
S01003,TM0723,84
S01004,TM0723,25
S01005,TM0723,94
S02001,TM0723,34
S02002,TM0723,75
S02003,TM0723,45
S02004,TM0723,85
S02005,TM0723,29
S03001,TM0723,34
S03002,TM0723,97
S03003,TM0723,57
S03004,TM0723,61
S03005,TM0723,87
S04001,TM0723,34
S04002,TM0723,68
S04003,TM0723,79
S04004,TM0723,28
S04005,TM0723,46
S05001,TM0723,82
S05002,TM0723,19
S05003,TM0723,66
S05004,TM0723,80
S05005,TM0723,43
S06001,TM0723,84
S06002,TM0723,73
S06003,TM0723,89
S06004,TM0723,72
S06005,TM0723,58
S07001,TM0723,43
S07002,TM0723,19
S07003,TM0723,78
S07004,TM0723,83
S07005,TM0723,69
S08001,TM0723,97
S08002,TM0723,64
S08003,TM0723,28
S08004,TM0723,56
S08005,TM0723,45
S09001,TM0723,82
S09002,TM0723,90
S09003,TM0723,73
S09004,TM0723,88
S09005,TM0723,46
S10001,TM0723,22
S10002,TM0723,30
S10003,TM0723,80
S10004,TM0723,43
S10005,TM0723,49
S11001,TM0723,10
S11002,TM0723,80
S11003,TM0723,40
S11004,TM0723,78
S11005,TM0723,92
S12001,TM0723,46
S12002,TM0723,50
S12003,TM0723,59
S12004,TM0723,88
S12005,TM0723,37
S01001,EM0723,28
S01002,EM0723,45
S01003,EM0724,68
S01004,EM0725,72
S01005,EM0726,78
S02001,EM0727,95
S02002,EM0728,85
S02003,EM0729,65
S02004,EM0730,82
S02005,EM0731,20
S03001,EM0732,90
S03002,EM0733,40
S03003,EM0734,65
S03004,EM0735,77
S03005,EM0736,50
S04001,EM0737,45
S04002,EM0738,63
S04003,EM0739,20
S04004,EM0740,85
S04005,EM0741,66
S05001,EM0742,48
S05002,EM0743,18
S05003,EM0744,78
S05004,EM0745,46
S05005,EM0746,82
S06001,EM0747,27
S06002,EM0748,94
S06003,EM0749,30
S06004,EM0750,88
S06005,EM0751,24
S07001,EM0752,90
S07002,EM0753,64
S07003,EM0754,57
S07004,EM0755,53
S07005,EM0756,38
S08001,EM0757,87
S08002,EM0758,62
S08003,EM0759,50
S08004,EM0760,42
S08005,EM0761,28
S09001,EM0762,37
S09002,EM0763,60
S09003,EM0764,84
S09004,EM0765,46
S09005,EM0766,57
S10001,EM0767,84
S10002,EM0768,21
S10003,EM0769,49
S10004,EM0770,59
S10005,EM0771,15
S11001,EM0772,55
S11002,EM0773,48
S11003,EM0774,92
S11004,EM0775,86
S11005,EM0776,70
S12001,EM0777,64
S12002,EM0778,26
S12003,EM0779,45
S12004,EM0780,56
S12005,EM0781,60
S01001,MM0723,48
S01002,MM0723,98
S01003,MM0723,20
S01004,MM0723,78
S01005,MM0723,19
S02001,MM0723,64
S02002,MM0723,58
S02003,MM0723,38
S02004,MM0723,94
S02005,MM0723,67
S03001,MM0723,84
S03002,MM0723,64
S03003,MM0723,56
S03004,MM0723,37
S03005,MM0723,28
S04001,MM0723,46
S04002,MM0723,87
S04003,MM0723,30
S04004,MM0723,88
S04005,MM0723,78
S05001,MM0723,45
S05002,MM0723,56
S05003,MM0723,82
S05004,MM0723,60
S05005,MM0723,65
S06001,MM0723,45
S06002,MM0723,84
S06003,MM0723,25
S06004,MM0723,94
S06005,MM0723,34
S07001,MM0723,75
S07002,MM0723,45
S07003,MM0723,85
S07004,MM0723,29
S07005,MM0723,34
S08001,MM0723,97
S08002,MM0723,57
S08003,MM0723,61
S08004,MM0723,87
S08005,MM0723,34
S09001,MM0723,68
S09002,MM0723,79
S09003,MM0723,28
S09004,MM0723,46
S09005,MM0723,82
S10001,MM0723,19
S10002,MM0723,66
S10003,MM0723,80
S10004,MM0723,43
S10005,MM0723,84
S11001,MM0723,73
S11002,MM0723,89
S11003,MM0723,72
S11004,MM0723,58
S11005,MM0723,43
S12001,MM0723,19
S12002,MM0723,78
S12003,MM0723,83
S12004,MM0723,69
S12005,MM0723,97
S01001,PM0723,64
S01002,PM0723,28
S01003,PM0723,56
S01004,PM0723,45
S01005,PM0723,82
S02001,PM0723,90
S02002,PM0723,73
S02003,PM0723,88
S02004,PM0723,46
S02005,PM0723,22
S03001,PM0723,30
S03002,PM0723,80
S03003,PM0723,43
S03004,PM0723,49
S03005,PM0723,10
S04001,PM0723,80
S04002,PM0723,40
S04003,PM0723,78
S04004,PM0723,92
S04005,PM0723,46
S05001,PM0723,50
S05002,PM0723,59
S05003,PM0723,88
S05004,PM0723,37
S05005,PM0723,28
S06001,PM0723,45
S06002,PM0723,68
S06003,PM0723,72
S06004,PM0723,78
S06005,PM0723,95
S07001,PM0723,85
S07002,PM0723,65
S07003,PM0723,82
S07004,PM0723,20
S07005,PM0723,90
S08001,PM0723,40
S08002,PM0723,65
S08003,PM0723,77
S08004,PM0723,50
S08005,PM0723,45
S09001,PM0723,63
S09002,PM0723,20
S09003,PM0723,85
S09004,PM0723,66
S09005,PM0723,48
S10001,PM0723,18
S10002,PM0723,78
S10003,PM0723,46
S10004,PM0723,82
S10005,PM0723,27
S11001,PM0723,94
S11002,PM0723,30
S11003,PM0723,88
S11004,PM0723,24
S11005,PM0723,90
S12001,PM0723,64
S12002,PM0723,57
S12003,PM0723,53
S12004,PM0723,38
S12005,PM0723,87
S01001,CM0723,62
S01002,CM0723,50
S01003,CM0723,42
S01004,CM0723,28
S01005,CM0723,37
S02001,CM0723,60
S02002,CM0723,84
S02003,CM0723,46
S02004,CM0723,57
S02005,CM0723,84
S03001,CM0723,21
S03002,CM0723,49
S03003,CM0723,59
S03004,CM0723,15
S03005,CM0723,55
S04001,CM0723,48
S04002,CM0723,92
S04003,CM0723,65
S04004,CM0723,45
S04005,CM0723,84
S05001,CM0723,25
S05002,CM0723,94
S05003,CM0723,34
S05004,CM0723,75
S05005,CM0723,45
S06001,CM0723,85
S06002,CM0723,29
S06003,CM0723,34
S06004,CM0723,97
S06005,CM0723,57
S07001,CM0723,61
S07002,CM0723,87
S07003,CM0723,34
S07004,CM0723,68
S07005,CM0723,79
S08001,CM0723,28
S08002,CM0723,46
S08003,CM0723,82
S08004,CM0723,19
S08005,CM0723,66
S09001,CM0723,80
S09002,CM0723,43
S09003,CM0723,84
S09004,CM0723,73
S09005,CM0723,89
S10001,CM0723,72
S10002,CM0723,58
S10003,CM0723,43
S10004,CM0723,19
S10005,CM0723,78
S11001,CM0723,83
S11002,CM0723,69
S11003,CM0723,97
S11004,CM0723,64
S11005,CM0723,28
S12001,CM0723,56
S12002,CM0723,45
S12003,CM0723,82
S12004,CM0723,90
S12005,CM0723,73
S01001,BM0723,88
S01002,BM0723,46
S01003,BM0723,65
S01004,BM0723,45
S01005,BM0723,84
S02001,BM0723,25
S02002,BM0723,94
S02003,BM0723,34
S02004,BM0723,75
S02005,BM0723,45
S03001,BM0723,85
S03002,BM0723,29
S03003,BM0723,34
S03004,BM0723,97
S03005,BM0723,57
S04001,BM0723,61
S04002,BM0723,87
S04003,BM0723,34
S04004,BM0723,68
S04005,BM0723,79
S05001,BM0723,28
S05002,BM0723,46
S05003,BM0723,82
S05004,BM0723,19
S05005,BM0723,66
S06001,BM0723,80
S06002,BM0723,43
S06003,BM0723,84
S06004,BM0723,73
S06005,BM0723,89
S07001,BM0723,72
S07002,BM0723,58
S07003,BM0723,43
S07004,BM0723,19
S07005,BM0723,78
S08001,BM0723,83
S08002,BM0723,69
S08003,BM0723,97
S08004,BM0723,64
S08005,BM0723,28
S09001,BM0723,56
S09002,BM0723,45
S09003,BM0723,82
S09004,BM0723,90
S09005,BM0723,73
S10001,BM0723,88
S10002,BM0723,46
S10003,BM0723,22
S10004,BM0723,30
S10005,BM0723,80
S11001,BM0723,43
S11002,BM0723,49
S11003,BM0723,10
S11004,BM0723,80
S11005,BM0723,40
S12001,BM0723,78
S12002,BM0723,92
S12003,BM0723,46
S12004,BM0723,50
S12005,BM0723,59
S01001,TQ0923,88
S01002,TQ0923,37
S01003,TQ0923,28
S01004,TQ0923,45
S01005,TQ0923,68
S02001,TQ0923,72
S02002,TQ0923,78
S02003,TQ0923,95
S02004,TQ0923,85
S02005,TQ0923,65
S03001,TQ0923,82
S03002,TQ0923,20
S03003,TQ0923,90
S03004,TQ0923,40
S03005,TQ0923,65
S04001,TQ0923,77
S04002,TQ0923,50
S04003,TQ0923,45
S04004,TQ0923,63
S04005,TQ0923,20
S05001,TQ0923,85
S05002,TQ0923,66
S05003,TQ0923,48
S05004,TQ0923,18
S05005,TQ0923,78
S06001,TQ0923,46
S06002,TQ0923,82
S06003,TQ0923,27
S06004,TQ0923,94
S06005,TQ0923,30
S07001,TQ0923,65
S07002,TQ0923,45
S07003,TQ0923,84
S07004,TQ0923,25
S07005,TQ0923,94
S08001,TQ0923,34
S08002,TQ0923,75
S08003,TQ0923,45
S08004,TQ0923,85
S08005,TQ0923,29
S09001,TQ0923,34
S09002,TQ0923,97
S09003,TQ0923,57
S09004,TQ0923,61
S09005,TQ0923,87
S10001,TQ0923,34
S10002,TQ0923,68
S10003,TQ0923,79
S10004,TQ0923,28
S10005,TQ0923,46
S11001,TQ0923,82
S11002,TQ0923,19
S11003,TQ0923,66
S11004,TQ0923,80
S11005,TQ0923,43
S12001,TQ0923,84
S12002,TQ0923,73
S12003,TQ0923,89
S12004,TQ0923,72
S12005,TQ0923,58
S01001,EQ0923,43
S01002,EQ0923,19
S01003,EQ0923,78
S01004,EQ0923,83
S01005,EQ0923,69
S02001,EQ0923,97
S02002,EQ0923,64
S02003,EQ0923,28
S02004,EQ0923,56
S02005,EQ0923,45
S03001,EQ0923,82
S03002,EQ0923,90
S03003,EQ0923,73
S03004,EQ0923,88
S03005,EQ0923,46
S04001,EQ0923,22
S04002,EQ0923,30
S04003,EQ0923,80
S04004,EQ0923,43
S04005,EQ0923,49
S05001,EQ0923,10
S05002,EQ0923,80
S05003,EQ0923,40
S05004,EQ0923,78
S05005,EQ0923,92
S06001,EQ0923,46
S06002,EQ0923,50
S06003,EQ0923,59
S06004,EQ0923,88
S06005,EQ0923,37
S07001,EQ0923,28
S07002,EQ0923,45
S07003,EQ0923,68
S07004,EQ0923,72
S07005,EQ0923,78
S08001,EQ0923,95
S08002,EQ0923,85
S08003,EQ0923,65
S08004,EQ0923,82
S08005,EQ0923,20
S09001,EQ0923,90
S09002,EQ0923,40
S09003,EQ0923,65
S09004,EQ0923,77
S09005,EQ0923,50
S10001,EQ0923,45
S10002,EQ0923,63
S10003,EQ0923,20
S10004,EQ0923,85
S10005,EQ0923,66
S11001,EQ0923,48
S11002,EQ0923,18
S11003,EQ0923,78
S11004,EQ0923,46
S11005,EQ0923,82
S12001,EQ0923,27
S12002,EQ0923,94
S12003,EQ0923,30
S12004,EQ0923,88
S12005,EQ0923,24
S01001,MQ0923,90
S01002,MQ0923,64
S01003,MQ0923,57
S01004,MQ0923,53
S01005,MQ0923,38
S02001,MQ0923,87
S02002,MQ0923,62
S02003,MQ0923,50
S02004,MQ0923,42
S02005,MQ0923,28
S03001,MQ0923,37
S03002,MQ0923,60
S03003,MQ0923,84
S03004,MQ0923,46
S03005,MQ0923,57
S04001,MQ0923,84
S04002,MQ0923,21
S04003,MQ0923,49
S04004,MQ0923,59
S04005,MQ0923,15
S05001,MQ0923,55
S05002,MQ0923,48
S05003,MQ0923,92
S05004,MQ0923,86
S05005,MQ0923,70
S06001,MQ0923,64
S06002,MQ0923,26
S06003,MQ0923,45
S06004,MQ0923,56
S06005,MQ0923,65
S07001,MQ0923,45
S07002,MQ0923,84
S07003,MQ0923,25
S07004,MQ0923,94
S07005,MQ0923,34
S08001,MQ0923,75
S08002,MQ0923,45
S08003,MQ0923,85
S08004,MQ0923,29
S08005,MQ0923,34
S09001,MQ0923,97
S09002,MQ0923,57
S09003,MQ0923,61
S09004,MQ0923,87
S09005,MQ0923,34
S10001,MQ0923,68
S10002,MQ0923,79
S10003,MQ0923,28
S10004,MQ0923,46
S10005,MQ0923,82
S11001,MQ0923,19
S11002,MQ0923,66
S11003,MQ0923,80
S11004,MQ0923,43
S11005,MQ0923,84
S12001,MQ0923,73
S12002,MQ0923,89
S12003,MQ0923,72
S12004,MQ0923,58
S12005,MQ0923,43
S01001,PQ0923,19
S01002,PQ0923,78
S01003,PQ0923,83
S01004,PQ0923,69
S01005,PQ0923,97
S02001,PQ0923,64
S02002,PQ0923,28
S02003,PQ0923,56
S02004,PQ0923,45
S02005,PQ0923,82
S03001,PQ0923,90
S03002,PQ0923,73
S03003,PQ0923,88
S03004,PQ0923,46
S03005,PQ0923,22
S04001,PQ0923,30
S04002,PQ0923,80
S04003,PQ0923,43
S04004,PQ0923,49
S04005,PQ0923,10
S05001,PQ0923,80
S05002,PQ0923,40
S05003,PQ0923,78
S05004,PQ0923,92
S05005,PQ0923,46
S06001,PQ0923,50
S06002,PQ0923,59
S06003,PQ0923,88
S06004,PQ0923,37
S06005,PQ0923,28
S07001,PQ0923,45
S07002,PQ0923,68
S07003,PQ0923,72
S07004,PQ0923,78
S07005,PQ0923,95
S08001,PQ0923,85
S08002,PQ0923,65
S08003,PQ0923,82
S08004,PQ0923,20
S08005,PQ0923,90
S09001,PQ0923,40
S09002,PQ0923,65
S09003,PQ0923,77
S09004,PQ0923,50
S09005,PQ0923,45
S10001,PQ0923,63
S10002,PQ0923,20
S10003,PQ0923,85
S10004,PQ0923,66
S10005,PQ0923,72
S11001,PQ0923,78
S11002,PQ0923,95
S11003,PQ0923,85
S11004,PQ0923,65
S11005,PQ0923,82
S12001,PQ0923,20
S12002,PQ0923,90
S12003,PQ0923,40
S12004,PQ0923,65
S12005,PQ0923,77
S01001,CQ0923,50
S01002,CQ0923,45
S01003,CQ0923,63
S01004,CQ0923,20
S01005,CQ0923,85
S02001,CQ0923,66
S02002,CQ0923,48
S02003,CQ0923,18
S02004,CQ0923,78
S02005,CQ0923,46
S03001,CQ0923,82
S03002,CQ0923,27
S03003,CQ0923,94
S03004,CQ0923,30
S03005,CQ0923,88
S04001,CQ0923,24
S04002,CQ0923,90
S04003,CQ0923,64
S04004,CQ0923,57
S04005,CQ0923,53
S05001,CQ0923,38
S05002,CQ0923,87
S05003,CQ0923,62
S05004,CQ0923,50
S05005,CQ0923,42
S06001,CQ0923,28
S06002,CQ0923,37
S06003,CQ0923,60
S06004,CQ0923,84
S06005,CQ0923,46
S07001,CQ0923,57
S07002,CQ0923,84
S07003,CQ0923,21
S07004,CQ0923,49
S07005,CQ0923,59
S08001,CQ0923,15
S08002,CQ0923,55
S08003,CQ0923,48
S08004,CQ0923,92
S08005,CQ0923,86
S09001,CQ0923,70
S09002,CQ0923,64
S09003,CQ0923,26
S09004,CQ0923,45
S09005,CQ0923,56
S10001,CQ0923,60
S10002,CQ0923,48
S10003,CQ0923,98
S10004,CQ0923,20
S10005,CQ0923,78
S11001,CQ0923,53
S11002,CQ0923,38
S11003,CQ0923,87
S11004,CQ0923,62
S11005,CQ0923,50
S12001,CQ0923,42
S12002,CQ0923,28
S12003,CQ0923,37
S12004,CQ0923,60
S12005,CQ0923,84
S01001,BQ0923,46
S01002,BQ0923,57
S01003,BQ0923,84
S01004,BQ0923,21
S01005,BQ0923,49
S02001,BQ0923,59
S02002,BQ0923,15
S02003,BQ0923,55
S02004,BQ0923,48
S02005,BQ0923,92
S03001,BQ0923,86
S03002,BQ0923,70
S03003,BQ0923,64
S03004,BQ0923,26
S03005,BQ0923,45
S04001,BQ0923,56
S04002,BQ0923,60
S04003,BQ0923,48
S04004,BQ0923,98
S04005,BQ0923,20
S05001,BQ0923,78
S05002,BQ0923,19
S05003,BQ0923,64
S05004,BQ0923,58
S05005,BQ0923,38
S06001,BQ0923,94
S06002,BQ0923,67
S06003,BQ0923,84
S06004,BQ0923,64
S06005,BQ0923,56
S07001,BQ0923,37
S07002,BQ0923,28
S07003,BQ0923,46
S07004,BQ0923,87
S07005,BQ0923,30
S08001,BQ0923,88
S08002,BQ0923,78
S08003,BQ0923,46
S08004,BQ0923,57
S08005,BQ0923,84
S09001,BQ0923,21
S09002,BQ0923,49
S09003,BQ0923,59
S09004,BQ0923,15
S09005,BQ0923,55
S10001,BQ0923,48
S10002,BQ0923,92
S10003,BQ0923,86
S10004,BQ0923,70
S10005,BQ0923,64
S11001,BQ0923,26
S11002,BQ0923,45
S11003,BQ0923,56
S11004,BQ0923,60
S11005,BQ0923,48
S12001,BQ0923,98
S12002,BQ0923,20
S12003,BQ0923,78
S12004,BQ0923,19
S12005,BQ0923,64
S01001,TH1123,58
S01002,TH1123,38
S01003,TH1123,94
S01004,TH1123,67
S01005,TH1123,84
S02001,TH1123,64
S02002,TH1123,56
S02003,TH1123,37
S02004,TH1123,85
S02005,TH1123,65
S03001,TH1123,82
S03002,TH1123,20
S03003,TH1123,90
S03004,TH1123,40
S03005,TH1123,65
S04001,TH1123,77
S04002,TH1123,50
S04003,TH1123,45
S04004,TH1123,63
S04005,TH1123,20
S05001,TH1123,85
S05002,TH1123,66
S05003,TH1123,48
S05004,TH1123,18
S05005,TH1123,78
S06001,TH1123,46
S06002,TH1123,82
S06003,TH1123,27
S06004,TH1123,94
S06005,TH1123,30
S07001,TH1123,88
S07002,TH1123,24
S07003,TH1123,90
S07004,TH1123,64
S07005,TH1123,57
S08001,TH1123,53
S08002,TH1123,38
S08003,TH1123,87
S08004,TH1123,62
S08005,TH1123,50
S09001,TH1123,42
S09002,TH1123,28
S09003,TH1123,37
S09004,TH1123,60
S09005,TH1123,84
S10001,TH1123,46
S10002,TH1123,57
S10003,TH1123,84
S10004,TH1123,21
S10005,TH1123,49
S11001,TH1123,59
S11002,TH1123,15
S11003,TH1123,55
S11004,TH1123,48
S11005,TH1123,92
S12001,TH1123,86
S12002,TH1123,70
S12003,TH1123,64
S12004,TH1123,26
S12005,TH1123,45
S01001,TH1123,56
S01002,EH1123,60
S01003,EH1123,48
S01004,EH1123,98
S01005,EH1123,20
S02001,EH1123,78
S02002,EH1123,53
S02003,EH1123,38
S02004,EH1123,87
S02005,EH1123,62
S03001,EH1123,50
S03002,EH1123,42
S03003,EH1123,28
S03004,EH1123,37
S03005,EH1123,60
S04001,EH1123,84
S04002,EH1123,46
S04003,EH1123,57
S04004,EH1123,84
S04005,EH1123,21
S05001,EH1123,49
S05002,EH1123,59
S05003,EH1123,15
S05004,EH1123,85
S05005,EH1123,65
S06001,EH1123,82
S06002,EH1123,20
S06003,EH1123,90
S06004,EH1123,40
S06005,EH1123,65
S07001,EH1123,77
S07002,EH1123,50
S07003,EH1123,45
S07004,EH1123,63
S07005,EH1123,20
S08001,EH1123,85
S08002,EH1123,66
S08003,EH1123,48
S08004,EH1123,18
S08005,EH1123,78
S09001,EH1123,46
S09002,EH1123,82
S09003,EH1123,27
S09004,EH1123,94
S09005,EH1123,30
S10001,EH1123,88
S10002,EH1123,24
S10003,EH1123,90
S10004,EH1123,64
S10005,EH1123,57
S11001,EH1123,53
S11002,EH1123,38
S11003,EH1123,87
S11004,EH1123,62
S11005,EH1123,50
S12001,EH1123,42
S12002,EH1123,28
S12003,EH1123,37
S12004,EH1123,60
S12005,EH1123,84
S01001,MH1123,46
S01002,MH1123,57
S01003,MH1123,84
S01004,MH1123,21
S01005,MH1123,49
S02001,MH1123,59
S02002,MH1123,15
S02003,MH1123,55
S02004,MH1123,48
S02005,MH1123,92
S03001,MH1123,86
S03002,MH1123,70
S03003,MH1123,64
S03004,MH1123,26
S03005,MH1123,45
S04001,MH1123,56
S04002,MH1123,60
S04003,MH1123,48
S04004,MH1123,98
S04005,MH1123,20
S05001,MH1123,78
S05002,MH1123,85
S05003,MH1123,65
S05004,MH1123,82
S05005,MH1123,20
S06001,MH1123,90
S06002,MH1123,40
S06003,MH1123,65
S06004,MH1123,77
S06005,MH1123,50
S07001,MH1123,45
S07002,MH1123,63
S07003,MH1123,20
S07004,MH1123,85
S07005,MH1123,66
S08001,MH1123,48
S08002,MH1123,18
S08003,MH1123,78
S08004,MH1123,46
S08005,MH1123,82
S09001,MH1123,27
S09002,MH1123,94
S09003,MH1123,30
S09004,MH1123,88
S09005,MH1123,24
S10001,MH1123,90
S10002,MH1123,64
S10003,MH1123,57
S10004,MH1123,53
S10005,MH1123,38
S11001,MH1123,87
S11002,MH1123,62
S11003,MH1123,50
S11004,MH1123,42
S11005,MH1123,28
S12001,MH1123,37
S12002,MH1123,60
S12003,MH1123,84
S12004,MH1123,46
S12005,MH1123,57
S01001,PH1123,84
S01002,PH1123,21
S01003,PH1123,49
S01004,PH1123,59
S01005,PH1123,15
S02001,PH1123,55
S02002,PH1123,48
S02003,PH1123,85
S02004,PH1123,65
S02005,PH1123,82
S03001,PH1123,20
S03002,PH1123,90
S03003,PH1123,40
S03004,PH1123,65
S03005,PH1123,77
S04001,PH1123,50
S04002,PH1123,45
S04003,PH1123,63
S04004,PH1123,20
S04005,PH1123,85
S05001,PH1123,66
S05002,PH1123,48
S05003,PH1123,18
S05004,PH1123,78
S05005,PH1123,46
S06001,PH1123,82
S06002,PH1123,27
S06003,PH1123,94
S06004,PH1123,30
S06005,PH1123,88
S07001,PH1123,24
S07002,PH1123,90
S07003,PH1123,64
S07004,PH1123,57
S07005,PH1123,53
S08001,PH1123,38
S08002,PH1123,87
S08003,PH1123,62
S08004,PH1123,50
S08005,PH1123,42
S09001,PH1123,28
S09002,PH1123,37
S09003,PH1123,60
S09004,PH1123,84
S09005,PH1123,46
S10001,PH1123,57
S10002,PH1123,84
S10003,PH1123,21
S10004,PH1123,49
S10005,PH1123,59
S11001,PH1123,15
S11002,PH1123,55
S11003,PH1123,48
S11004,PH1123,92
S11005,PH1123,86
S12001,PH1123,70
S12002,PH1123,64
S12003,PH1123,26
S12004,PH1123,45
S12005,PH1123,56
S01001,CH1123,60
S01002,CH1123,85
S01003,CH1123,65
S01004,CH1123,82
S01005,CH1123,20
S02001,CH1123,90
S02002,CH1123,40
S02003,CH1123,65
S02004,CH1123,77
S02005,CH1123,50
S03001,CH1123,45
S03002,CH1123,63
S03003,CH1123,20
S03004,CH1123,85
S03005,CH1123,66
S04001,CH1123,48
S04002,CH1123,18
S04003,CH1123,78
S04004,CH1123,46
S04005,CH1123,82
S05001,CH1123,27
S05002,CH1123,94
S05003,CH1123,30
S05004,CH1123,88
S05005,CH1123,24
S06001,CH1123,90
S06002,CH1123,64
S06003,CH1123,57
S06004,CH1123,53
S06005,CH1123,38
S07001,CH1123,87
S07002,CH1123,62
S07003,CH1123,50
S07004,CH1123,42
S07005,CH1123,28
S08001,CH1123,37
S08002,CH1123,60
S08003,CH1123,84
S08004,CH1123,46
S08005,CH1123,57
S09001,CH1123,84
S09002,CH1123,21
S09003,CH1123,49
S09004,CH1123,59
S09005,CH1123,15
S10001,CH1123,55
S10002,CH1123,48
S10003,CH1123,92
S10004,CH1123,86
S10005,CH1123,70
S11001,CH1123,64
S11002,CH1123,26
S11003,CH1123,45
S11004,CH1123,56
S11005,CH1123,60
S12001,CH1123,48
S12002,CH1123,98
S12003,CH1123,20
S12004,CH1123,78
S12005,CH1123,53
S01001,BH1123,38
S01002,BH1123,87
S01003,BH1123,62
S01004,BH1123,50
S01005,BH1123,42
S02001,BH1123,28
S02002,BH1123,37
S02003,BH1123,60
S02004,BH1123,84
S02005,BH1123,46
S03001,BH1123,57
S03002,BH1123,84
S03003,BH1123,21
S03004,BH1123,49
S03005,BH1123,59
S04001,BH1123,15
S04002,BH1123,55
S04003,BH1123,85
S04004,BH1123,65
S04005,BH1123,82
S05001,BH1123,20
S05002,BH1123,90
S05003,BH1123,40
S05004,BH1123,65
S05005,BH1123,77
S06001,BH1123,50
S06002,BH1123,45
S06003,BH1123,63
S06004,BH1123,20
S06005,BH1123,85
S07001,BH1123,66
S07002,BH1123,48
S07003,BH1123,18
S07004,BH1123,78
S07005,BH1123,46
S08001,BH1123,82
S08002,BH1123,27
S08003,BH1123,94
S08004,BH1123,30
S08005,BH1123,88
S09001,BH1123,24
S09002,BH1123,90
S09003,BH1123,64
S09004,BH1123,57
S09005,BH1123,53
S10001,BH1123,38
S10002,BH1123,87
S10003,BH1123,62
S10004,BH1123,50
S10005,BH1123,42
S11001,BH1123,28
S11002,BH1123,37
S11003,BH1123,60
S11004,BH1123,84
S11005,BH1123,46
S12001,BH1123,57
S12002,BH1123,84
S12003,BH1123,21
S12004,BH1123,49
S12005,BH1123,59
S01001,TF0324,15
S01002,TF0324,55
S01003,TF0324,48
S01004,TF0324,92
S01005,TF0324,86
S02001,TF0324,70
S02002,TF0324,64
S02003,TF0324,26
S02004,TF0324,45
S02005,TF0324,56
S03001,TF0324,60
S03002,TF0324,48
S03003,TF0324,98
S03004,TF0324,20
S03005,TF0324,85
S04001,TF0324,65
S04002,TF0324,82
S04003,TF0324,20
S04004,TF0324,90
S04005,TF0324,40
S05001,TF0324,65
S05002,TF0324,77
S05003,TF0324,50
S05004,TF0324,45
S05005,TF0324,63
S06001,TF0324,20
S06002,TF0324,85
S06003,TF0324,66
S06004,TF0324,48
S06005,TF0324,18
S07001,TF0324,78
S07002,TF0324,46
S07003,TF0324,82
S07004,TF0324,27
S07005,TF0324,94
S08001,TF0324,30
S08002,TF0324,88
S08003,TF0324,24
S08004,TF0324,90
S08005,TF0324,64
S09001,TF0324,57
S09002,TF0324,53
S09003,TF0324,38
S09004,TF0324,87
S09005,TF0324,62
S10001,TF0324,50
S10002,TF0324,42
S10003,TF0324,28
S10004,TF0324,37
S10005,TF0324,60
S11001,TF0324,84
S11002,TF0324,46
S11003,TF0324,57
S11004,TF0324,84
S11005,TF0324,21
S12001,TF0324,49
S12002,TF0324,59
S12003,TF0324,15
S12004,TF0324,55
S12005,TF0324,48
S01001,EF0324,92
S01002,EF0324,86
S01003,EF0324,70
S01004,EF0324,64
S01005,EF0324,26
S02001,EF0324,45
S02002,EF0324,56
S02003,EF0324,60
S02004,EF0324,48
S02005,EF0324,98
S03001,EF0324,20
S03002,EF0324,78
S03003,EF0324,53
S03004,EF0324,38
S03005,EF0324,87
S04001,EF0324,62
S04002,EF0324,50
S04003,EF0324,42
S04004,EF0324,28
S04005,EF0324,37
S05001,EF0324,60
S05002,EF0324,84
S05003,EF0324,46
S05004,EF0324,57
S05005,EF0324,84
S06001,EF0324,85
S06002,EF0324,65
S06003,EF0324,82
S06004,EF0324,20
S06005,EF0324,90
S07001,EF0324,40
S07002,EF0324,65
S07003,EF0324,77
S07004,EF0324,50
S07005,EF0324,45
S08001,EF0324,63
S08002,EF0324,20
S08003,EF0324,85
S08004,EF0324,66
S08005,EF0324,48
S09001,EF0324,18
S09002,EF0324,78
S09003,EF0324,46
S09004,EF0324,82
S09005,EF0324,27
S10001,EF0324,94
S10002,EF0324,30
S10003,EF0324,88
S10004,EF0324,24
S10005,EF0324,90
S11001,EF0324,64
S11002,EF0324,57
S11003,EF0324,53
S11004,EF0324,38
S11005,EF0324,87
S12001,EF0324,62
S12002,EF0324,50
S12003,EF0324,42
S12004,EF0324,28
S12005,EF0324,37
S01001,MF0324,60
S01002,MF0324,84
S01003,MF0324,46
S01004,MF0324,57
S01005,MF0324,84
S02001,MF0324,21
S02002,MF0324,49
S02003,MF0324,59
S02004,MF0324,15
S02005,MF0324,85
S03001,MF0324,65
S03002,MF0324,82
S03003,MF0324,20
S03004,MF0324,90
S03005,MF0324,40
S04001,MF0324,65
S04002,MF0324,77
S04003,MF0324,50
S04004,MF0324,45
S04005,MF0324,63
S05001,MF0324,20
S05002,MF0324,85
S05003,MF0324,66
S05004,MF0324,48
S05005,MF0324,18
S06001,MF0324,78
S06002,MF0324,46
S06003,MF0324,82
S06004,MF0324,27
S06005,MF0324,94
S07001,MF0324,30
S07002,MF0324,88
S07003,MF0324,24
S07004,MF0324,90
S07005,MF0324,64
S08001,MF0324,57
S08002,MF0324,53
S08003,MF0324,38
S08004,MF0324,87
S08005,MF0324,62
S09001,MF0324,50
S09002,MF0324,42
S09003,MF0324,28
S09004,MF0324,37
S09005,MF0324,60
S10001,MF0324,84
S10002,MF0324,46
S10003,MF0324,57
S10004,MF0324,84
S10005,MF0324,21
S11001,MF0324,49
S11002,MF0324,59
S11003,MF0324,15
S11004,MF0324,55
S11005,MF0324,48
S12001,MF0324,92
S12002,MF0324,86
S12003,MF0324,70
S12004,MF0324,64
S12005,MF0324,26
S01001,PF0324,45
S01002,PF0324,56
S01003,PF0324,60
S01004,PF0324,48
S01005,PF0324,98
S02001,PF0324,20
S02002,PF0324,78
S02003,PF0324,53
S02004,PF0324,38
S02005,PF0324,87
S03001,PF0324,62
S03002,PF0324,50
S03003,PF0324,42
S03004,PF0324,28
S03005,PF0324,37
S04001,PF0324,85
S04002,PF0324,65
S04003,PF0324,82
S04004,PF0324,20
S04005,PF0324,90
S05001,PF0324,40
S05002,PF0324,65
S05003,PF0324,77
S05004,PF0324,50
S05005,PF0324,45
S06001,PF0324,63
S06002,PF0324,20
S06003,PF0324,85
S06004,PF0324,66
S06005,PF0324,48
S07001,PF0324,18
S07002,PF0324,78
S07003,PF0324,46
S07004,PF0324,82
S07005,PF0324,27
S08001,PF0324,94
S08002,PF0324,30
S08003,PF0324,88
S08004,PF0324,24
S08005,PF0324,90
S09001,PF0324,64
S09002,PF0324,57
S09003,PF0324,53
S09004,PF0324,38
S09005,PF0324,87
S10001,PF0324,62
S10002,PF0324,50
S10003,PF0324,42
S10004,PF0324,28
S10005,PF0324,37
S11001,PF0324,60
S11002,PF0324,84
S11003,PF0324,46
S11004,PF0324,57
S11005,PF0324,84
S12001,PF0324,21
S12002,PF0324,49
S12003,PF0324,59
S12004,PF0324,15
S12005,PF0324,55
S01001,CF0324,48
S01002,CF0324,92
S01003,CF0324,86
S01004,CF0324,70
S01005,CF0324,64
S02001,CF0324,26
S02002,CF0324,45
S02003,CF0324,56
S02004,CF0324,60
S02005,CF0324,48
S03001,CF0324,98
S03002,CF0324,20
S03003,CF0324,78
S03004,CF0324,53
S03005,CF0324,38
S04001,CF0324,87
S04002,CF0324,62
S04003,CF0324,50
S04004,CF0324,42
S04005,CF0324,28
S05001,CF0324,37
S05002,CF0324,60
S05003,CF0324,84
S05004,CF0324,46
S05005,CF0324,57
S06001,CF0324,84
S06002,CF0324,21
S06003,CF0324,49
S06004,CF0324,59
S06005,CF0324,85
S07001,CF0324,65
S07002,CF0324,82
S07003,CF0324,20
S07004,CF0324,90
S07005,CF0324,40
S08001,CF0324,65
S08002,CF0324,77
S08003,CF0324,50
S08004,CF0324,45
S08005,CF0324,63
S09001,CF0324,20
S09002,CF0324,85
S09003,CF0324,66
S09004,CF0324,48
S09005,CF0324,18
S10001,CF0324,78
S10002,CF0324,46
S10003,CF0324,82
S10004,CF0324,27
S10005,CF0324,94
S11001,CF0324,30
S11002,CF0324,88
S11003,CF0324,24
S11004,CF0324,90
S11005,CF0324,64
S12001,CF0324,57
S12002,CF0324,53
S12003,CF0324,38
S12004,CF0324,87
S12005,CF0324,62
S01001,BF0324,50
S01002,BF0324,42
S01003,BF0324,28
S01004,BF0324,37
S01005,BF0324,60
S02001,BF0324,84
S02002,BF0324,46
S02003,BF0324,57
S02004,BF0324,84
S02005,BF0324,21
S03001,BF0324,49
S03002,BF0324,59
S03003,BF0324,15
S03004,BF0324,55
S03005,BF0324,48
S04001,BF0324,92
S04002,BF0324,86
S04003,BF0324,70
S04004,BF0324,64
S04005,BF0324,26
S05001,BF0324,45
S05002,BF0324,56
S05003,BF0324,60
S05004,BF0324,48
S05005,BF0324,98
S06001,BF0324,20
S06002,BF0324,78
S06003,BF0324,53
S06004,BF0324,38
S06005,BF0324,87
S07001,BF0324,62
S07002,BF0324,50
S07003,BF0324,42
S07004,BF0324,28
S07005,BF0324,37
S08001,BF0324,60
S08002,BF0324,84
S08003,BF0324,46
S08004,BF0324,57
S08005,BF0324,84
S09001,BF0324,21
S09002,BF0324,49
S09003,BF0324,59
S09004,BF0324,15
S09005,BF0324,70
S10001,BF0324,41
S10002,BF0324,33
S10003,BF0324,48
S10004,BF0324,74
S10005,BF0324,90
S11001,BF0324,78
S11002,BF0324,46
S11003,BF0324,38
S11004,BF0324,95
S11005,BF0324,80
S12001,BF0324,62
S12002,BF0324,83
S12003,BF0324,72
S12004,BF0324,41
S12005,BF0324,85
